Series Name,Series Code,Country Name,Country Code,1991 [YR1991],1992 [YR1992],1993 [YR1993],1994 [YR1994],1995 [YR1995],1996 [YR1996],1997 [YR1997],1998 [YR1998],1999 [YR1999],2000 [YR2000],2001 [YR2001],2002 [YR2002],2003 [YR2003],2004 [YR2004],2005 [YR2005],2006 [YR2006],2007 [YR2007],2008 [YR2008],2009 [YR2009],2010 [YR2010],2011 [YR2011],2012 [YR2012],2013 [YR2013],2014 [YR2014],2015 [YR2015],2016 [YR2016],2017 [YR2017]
Gini index,SI.POV.GINI,Afghanistan,AFG,..,..,..,..,..,..,..,..,..,..,..,..,..,..,..,..,..,..,..,..,..,..,..,..,..,..,..
Gini index,SI.POV.GINI,Albania,ALB,..,..,..,..,..,27,..,..,..,..,..,31.7,..,..,30.6,..,..,30,..,..,..,29,..,34.6,32.8,33.7,33.1
Gini index,SI.POV.GINI,Algeria,DZA,..,..,..,..,35.3,..,..,..,..,..,..,..,..,..,..,..,..,..,..,..,27.6,..,..,..,..,..,..
Gini index,SI.POV.GINI,American Samoa,ASM,..,..,..,..,..,..,..,..,..,..,..,..,..,..,..,..,..,..,..,..,..,..,..,..,..,..,..
Gini index,SI.POV.GINI,Andorra,AND,..,..,..,..,..,..,..,..,..,..,..,..,..,..,..,..,..,..,..,..,..,..,..,..,..,..,..
Gini index,SI.POV.GINI,Angola,AGO,..,..,..,..,..,..,..,..,..,52,..,..,..,..,..,..,..,42.7,..,..,..,..,..,..,..,..,..
Gini index,SI.POV.GINI,Antigua and Barbuda,ATG,..,..,..,..,..,..,..,..,..,..,..,..,..,..,..,..,..,..,..,..,..,..,..,..,..,..,..
Gini index,SI.POV.GINI,Argentina,ARG,46.8,45.5,44.9,45.9,48.9,49.5,49.1,50.7,49.8,51.1,53.3,53.8,50.9,48.4,47.7,46.3,46.2,44.9,43.7,43.6,42.6,41.3,40.9,41.6,..,42,41.1
Gini index,SI.POV.GINI,Armenia,ARM,..,..,..,..,..,..,..,..,36.2,..,35.4,34.8,33,37.5,36,29.7,31.2,29.2,28,30,29.4,29.6,30.6,31.5,32.4,32.5,33.6
Gini index,SI.POV.GINI,Aruba,ABW,..,..,..,..,..,..,..,..,..,..,..,..,..,..,..,..,..,..,..,..,..,..,..,..,..,..,..
Gini index,SI.POV.GINI,Australia,AUS,..,..,..,..,32.6,..,..,..,..,..,33.5,..,33.5,33.1,..,..,..,35.4,..,34.7,..,..,..,34.4,..,33.7,..
Gini index,SI.POV.GINI,Austria,AUT,..,..,..,30.8,29.9,29.3,29.1,31.3,29.7,29,..,..,29.5,29.8,28.7,29.6,30.6,30.4,31.5,30.3,30.8,30.5,30.8,30.5,30.5,30.8,29.7
Gini index,SI.POV.GINI,Azerbaijan,AZE,..,..,..,..,34.7,..,..,..,..,..,36.5,25.3,26.8,26.6,26.6,..,..,..,..,..,..,..,..,..,..,..,..
Gini index,SI.POV.GINI,"Bahamas, The",BHS,..,..,..,..,..,..,..,..,..,..,..,..,..,..,..,..,..,..,..,..,..,..,..,..,..,..,..
Gini index,SI.POV.GINI,Bahrain,BHR,..,..,..,..,..,..,..,..,..,..,..,..,..,..,..,..,..,..,..,..,..,..,..,..,..,..,..
Gini index,SI.POV.GINI,Bangladesh,BGD,27.6,..,..,..,32.9,..,..,..,..,33.4,..,..,..,..,33.2,..,..,..,..,32.1,..,..,..,..,..,32.4,..
Gini index,SI.POV.GINI,Barbados,BRB,..,..,..,..,..,..,..,..,..,..,..,..,..,..,..,..,..,..,..,..,..,..,..,..,..,..,..
Gini index,SI.POV.GINI,Belarus,BLR,..,..,..,..,..,..,..,32,31.7,31.2,30.6,30.3,28.8,26.5,27.6,28.3,29.6,27.8,27.7,28.6,27.2,26.5,26.6,27.2,25.6,25.3,25.4
Gini index,SI.POV.GINI,Belgium,BEL,..,25,..,..,28.4,..,26.8,..,..,33.1,..,..,28.1,30.5,29.3,28.1,29.2,28.4,28.6,28.4,28.1,27.5,27.7,28.1,27.7,27.6,27.4
Gini index,SI.POV.GINI,Belize,BLZ,..,..,60.3,60.9,..,56.6,60.4,54.9,53.3,..,..,..,..,..,..,..,..,..,..,..,..,..,..,..,..,..,..
Gini index,SI.POV.GINI,Benin,BEN,..,..,..,..,..,..,..,..,..,..,..,..,38.6,..,..,..,..,..,..,..,43.4,..,..,..,47.8,..,..
Gini index,SI.POV.GINI,Bermuda,BMU,..,..,..,..,..,..,..,..,..,..,..,..,..,..,..,..,..,..,..,..,..,..,..,..,..,..,..
Gini index,SI.POV.GINI,Bhutan,BTN,..,..,..,..,..,..,..,..,..,..,..,..,40.9,..,..,..,38.1,..,..,..,..,38.8,..,..,..,..,37.4
Gini index,SI.POV.GINI,Bolivia,BOL,..,..,..,..,..,..,58.2,..,58.1,61.6,57.4,59.3,..,55,58.5,56.7,54.5,50.8,49.2,..,46.1,46.6,47.6,47.8,46.7,45.2,44.6
Gini index,SI.POV.GINI,Bosnia and Herzegovina,BIH,..,..,..,..,..,..,..,..,..,..,30,..,..,34,..,..,33.1,..,..,..,33,..,..,..,..,..,..
Gini index,SI.POV.GINI,Botswana,BWA,..,..,60.8,..,..,..,..,..,..,..,..,64.7,..,..,..,..,..,..,60.5,..,..,..,..,..,53.3,..,..
Gini index,SI.POV.GINI,Brazil,BRA,..,53.2,60.1,..,59.6,59.9,59.8,59.6,59,..,58.4,58.1,57.6,56.5,56.3,55.6,54.9,54,53.7,..,52.9,53.4,52.7,52,51.9,53.3,53.3
Gini index,SI.POV.GINI,British Virgin Islands,VGB,..,..,..,..,..,..,..,..,..,..,..,..,..,..,..,..,..,..,..,..,..,..,..,..,..,..,..
Gini index,SI.POV.GINI,Brunei Darussalam,BRN,..,..,..,..,..,..,..,..,..,..,..,..,..,..,..,..,..,..,..,..,..,..,..,..,..,..,..
Gini index,SI.POV.GINI,Bulgaria,BGR,..,..,..,..,..,..,..,..,..,..,..,..,..,..,..,35.7,36.1,33.6,33.8,35.7,34.3,36,36.6,37.4,38.6,40.6,40.4
Gini index,SI.POV.GINI,Burkina Faso,BFA,..,..,..,48.1,..,..,..,49.9,..,..,..,..,43.3,..,..,..,..,..,39.8,..,..,..,..,35.3,..,..,..
Gini index,SI.POV.GINI,Burundi,BDI,..,33.3,..,..,..,..,..,42.3,..,..,..,..,..,..,..,33.4,..,..,..,..,..,..,38.6,..,..,..,..
Gini index,SI.POV.GINI,Cabo Verde,CPV,..,..,..,..,..,..,..,..,..,..,52.5,..,..,..,..,..,47.2,..,..,..,..,..,..,..,42.4,..,..
Gini index,SI.POV.GINI,Cambodia,KHM,..,..,..,..,..,..,..,..,..,..,..,..,..,..,..,..,..,..,..,..,..,..,..,..,..,..,..
Gini index,SI.POV.GINI,Cameroon,CMR,..,..,..,..,..,44.4,..,..,..,..,42.1,..,..,..,..,..,42.8,..,..,..,..,..,..,46.6,..,..,..
Gini index,SI.POV.GINI,Canada,CAN,32,31.6,31.7,31.3,31.5,32.8,33.1,33.2,33.1,33.4,33.6,33.6,33.8,33.8,33.6,34.1,33.8,33.9,34,33.6,32.7,33.5,33.8,33.2,33.7,32.7,33.3
Gini index,SI.POV.GINI,Cayman Islands,CYM,..,..,..,..,..,..,..,..,..,..,..,..,..,..,..,..,..,..,..,..,..,..,..,..,..,..,..
Gini index,SI.POV.GINI,Central African Republic,CAF,..,61.3,..,..,..,..,..,..,..,..,..,..,..,..,..,..,..,56.2,..,..,..,..,..,..,..,..,..
Gini index,SI.POV.GINI,Chad,TCD,..,..,..,..,..,..,..,..,..,..,..,..,39.8,..,..,..,..,..,..,..,43.3,..,..,..,..,..,..
Gini index,SI.POV.GINI,Channel Islands,CHI,..,..,..,..,..,..,..,..,..,..,..,..,..,..,..,..,..,..,..,..,..,..,..,..,..,..,..
Gini index,SI.POV.GINI,Chile,CHL,..,54.8,..,56.4,..,54.9,..,55.5,..,52.8,..,..,51.5,..,..,47.3,..,..,47,..,46,..,45.8,..,44.4,..,44.4
Gini index,SI.POV.GINI,China,CHN,..,..,33.9,..,..,35.2,..,..,38.7,..,..,42,..,..,40.9,..,..,43,..,43.7,42.4,42.2,39.7,39.2,38.6,38.5,39.1
Gini index,SI.POV.GINI,Colombia,COL,..,51.5,..,..,..,56.9,..,..,58.7,58.7,57.5,56,53.6,55,53.9,..,..,55.3,54.3,54.6,53.5,52.6,52.6,52.6,51,50.6,49.7
Gini index,SI.POV.GINI,Comoros,COM,..,..,..,..,..,..,..,..,..,..,..,..,..,55.9,..,..,..,..,..,..,..,..,..,45.3,..,..,..
Gini index,SI.POV.GINI,"Congo, Dem. Rep.",COD,..,..,..,..,..,..,..,..,..,..,..,..,..,42.2,..,..,..,..,..,..,..,42.1,..,..,..,..,..
Gini index,SI.POV.GINI,"Congo, Rep.",COG,..,..,..,..,..,..,..,..,..,..,..,..,..,..,47.3,..,..,..,..,..,48.9,..,..,..,..,..,..
Gini index,SI.POV.GINI,Costa Rica,CRI,46.6,45.7,46,46.8,45.7,46.5,45.6,45.7,47.7,47.4,51.5,51.8,49.3,48.4,47.5,49.3,49.3,48.6,50.6,48,48.8,48.4,49.2,48.6,48.4,48.7,48.3
Gini index,SI.POV.GINI,Cote d'Ivoire,CIV,..,39.4,..,..,40.6,..,..,39,..,..,..,41.3,..,..,..,..,..,43.2,..,..,..,..,..,..,41.5,..,..
Gini index,SI.POV.GINI,Croatia,HRV,..,..,..,..,..,..,..,..,..,..,..,..,..,..,..,..,..,..,32.6,32.4,32.3,32.5,32,32.1,31.1,30.9,30.4
Gini index,SI.POV.GINI,Cuba,CUB,..,..,..,..,..,..,..,..,..,..,..,..,..,..,..,..,..,..,..,..,..,..,..,..,..,..,..
Gini index,SI.POV.GINI,Curacao,CUW,..,..,..,..,..,..,..,..,..,..,..,..,..,..,..,..,..,..,..,..,..,..,..,..,..,..,..
Gini index,SI.POV.GINI,Cyprus,CYP,..,..,..,..,..,..,..,..,..,..,..,..,..,30.1,30.3,31.1,31.1,31.7,32.1,31.5,32.6,34.3,37,35.6,34,32.9,31.4
Gini index,SI.POV.GINI,Czechia,CZE,..,20.7,26.6,..,..,25.8,..,..,..,..,..,26.6,..,27.5,26.9,26.7,26,26.3,26.2,26.6,26.4,26.1,26.5,25.9,25.9,25.4,24.9
Gini index,SI.POV.GINI,Denmark,DNK,..,24.7,..,..,23,..,..,..,..,23.8,..,..,25.6,24.9,25.2,25.9,26.2,25.2,26.7,27.2,27.3,27.8,28.5,28.4,28.2,28.2,28.7
Gini index,SI.POV.GINI,Djibouti,DJI,..,..,..,..,..,..,..,..,..,..,..,40,..,..,..,..,..,..,..,..,..,45.1,44.1,..,..,..,41.6
Gini index,SI.POV.GINI,Dominica,DMA,..,..,..,..,..,..,..,..,..,..,..,..,..,..,..,..,..,..,..,..,..,..,..,..,..,..,..
Gini index,SI.POV.GINI,Dominican Republic,DOM,..,51.4,..,..,..,47.4,48.9,..,..,51.5,50,49.7,52.1,52.1,50,52,48.9,48.1,48.9,47.3,47.7,46.1,47.7,44.3,45.2,45.7,42.2
Gini index,SI.POV.GINI,Ecuador,ECU,..,..,..,53.4,..,..,..,..,58.6,56.4,..,..,53.5,53.9,53.1,52.3,53.4,49.8,48.5,48.8,45.9,46.1,46.9,45,46,45,44.7
Gini index,SI.POV.GINI,"Egypt, Arab Rep.",EGY,..,..,..,..,30.1,..,..,..,32.8,..,..,..,..,31.8,..,..,..,31.1,..,30.2,..,28.3,..,..,31.8,..,31.5
Gini index,SI.POV.GINI,El Salvador,SLV,54,..,..,..,49.9,51,..,54.5,52.2,51.5,51.4,51.9,50.5,47.8,48.5,45.7,45.2,46.9,45.8,43.5,42.3,41.8,43.4,41.6,40.6,40,38
Gini index,SI.POV.GINI,Equatorial Guinea,GNQ,..,..,..,..,..,..,..,..,..,..,..,..,..,..,..,..,..,..,..,..,..,..,..,..,..,..,..
Gini index,SI.POV.GINI,Eritrea,ERI,..,..,..,..,..,..,..,..,..,..,..,..,..,..,..,..,..,..,..,..,..,..,..,..,..,..,..
Gini index,SI.POV.GINI,Estonia,EST,..,..,..,..,..,..,..,..,..,..,..,..,37.2,33.6,33.4,33.7,31.2,31.9,31.4,32,32.5,32.9,35.1,34.6,32.7,31.2,30.4
Gini index,SI.POV.GINI,Eswatini,SWZ,..,..,..,60.5,..,..,..,..,..,53.1,..,..,..,..,..,..,..,..,51.5,..,..,..,..,..,..,54.6,..
Gini index,SI.POV.GINI,Ethiopia,ETH,..,..,..,..,44.6,..,..,..,30,..,..,..,..,29.8,..,..,..,..,..,33.2,..,..,..,..,35,..,..
Gini index,SI.POV.GINI,Faroe Islands,FRO,..,..,..,..,..,..,..,..,..,..,..,..,..,..,..,..,..,..,..,..,..,..,..,..,..,..,..
Gini index,SI.POV.GINI,Fiji,FJI,..,..,..,..,..,..,..,..,..,..,..,38.1,..,..,..,..,..,40.4,..,..,..,..,36.7,..,..,..,..
Gini index,SI.POV.GINI,Finland,FIN,22.9,..,..,..,23.5,..,..,..,..,27.2,..,..,27.7,27.9,27.6,28,28.3,27.8,27.5,27.7,27.6,27.1,27.2,26.8,27.1,27.1,27.4
Gini index,SI.POV.GINI,France,FRA,..,..,..,..,..,32,31.9,31.7,32.5,32.6,32.5,31.8,31.4,30.6,29.8,29.7,32.4,33,32.7,33.7,33.3,33.1,32.5,32.3,32.7,31.9,31.6
Gini index,SI.POV.GINI,French Polynesia,PYF,..,..,..,..,..,..,..,..,..,..,..,..,..,..,..,..,..,..,..,..,..,..,..,..,..,..,..
Gini index,SI.POV.GINI,Gabon,GAB,..,..,..,..,..,..,..,..,..,..,..,..,..,..,42.2,..,..,..,..,..,..,..,..,..,..,..,38
Gini index,SI.POV.GINI,"Gambia, The",GMB,..,..,..,..,..,..,..,48.5,..,..,..,..,47.3,..,..,..,..,..,..,43.6,..,..,..,..,35.9,..,..
Gini index,SI.POV.GINI,Georgia,GEO,..,..,..,..,..,37.1,40.7,41.3,40.1,40.5,39.6,37.2,36.7,36.2,37.4,36.9,38.1,38.5,38.2,39.5,39.6,39,38.6,37.6,36.5,36.6,37.9
Gini index,SI.POV.GINI,Germany,DEU,29.5,29,28.5,29.2,28.7,28,28.3,28.1,29,28.8,29.9,29.9,29.9,30.2,31.6,31,31.1,30.9,30.5,30.3,30.7,31.1,31.5,30.9,31.4,31.4,31.9
Gini index,SI.POV.GINI,Ghana,GHA,38.4,..,..,..,..,..,..,40.1,..,..,..,..,..,..,42.8,..,..,..,..,..,..,42.4,..,..,..,43.5,..
Gini index,SI.POV.GINI,Gibraltar,GIB,..,..,..,..,..,..,..,..,..,..,..,..,..,..,..,..,..,..,..,..,..,..,..,..,..,..,..
Gini index,SI.POV.GINI,Greece,GRC,..,..,..,..,37,..,..,..,..,34.2,..,..,32.8,33.6,34.6,35.1,34,33.6,33.6,34.1,34.8,36.3,36.1,35.8,36,35,34.4
Gini index,SI.POV.GINI,Greenland,GRL,..,..,..,..,..,..,..,..,..,..,..,..,..,..,..,..,..,..,..,..,..,..,..,..,..,..,..
Gini index,SI.POV.GINI,Grenada,GRD,..,..,..,..,..,..,..,..,..,..,..,..,..,..,..,..,..,..,..,..,..,..,..,..,..,..,..
Gini index,SI.POV.GINI,Guam,GUM,..,..,..,..,..,..,..,..,..,..,..,..,..,..,..,..,..,..,..,..,..,..,..,..,..,..,..
Gini index,SI.POV.GINI,Guatemala,GTM,..,..,..,..,..,..,..,..,..,54.2,..,..,..,..,..,54.6,..,..,..,..,..,..,..,48.3,..,..,..
Gini index,SI.POV.GINI,Guinea,GIN,46.8,..,..,46.1,..,..,..,..,..,..,..,43,..,..,..,..,39.4,..,..,..,..,33.7,..,..,..,..,..
Gini index,SI.POV.GINI,Guinea-Bissau,GNB,..,..,43.6,..,..,..,..,..,..,..,..,35.6,..,..,..,..,..,..,..,50.7,..,..,..,..,..,..,..
Gini index,SI.POV.GINI,Guyana,GUY,..,..,..,..,..,..,..,45.1,..,..,..,..,..,..,..,..,..,..,..,..,..,..,..,..,..,..,..
Gini index,SI.POV.GINI,Haiti,HTI,..,..,..,..,..,..,..,..,..,..,..,..,..,..,..,..,..,..,..,..,..,41.1,..,..,..,..,..
Gini index,SI.POV.GINI,Honduras,HND,51.9,51.8,53.5,55,55.5,55.7,52.7,57.4,55.4,..,55.4,55.7,58.1,58.1,59.5,57.5,55.8,55.5,51.3,53.1,52.6,53.4,50,49.9,49.2,49.8,49.4
Gini index,SI.POV.GINI,"Hong Kong SAR, China",HKG,..,..,..,..,..,..,..,..,..,..,..,..,..,..,..,..,..,..,..,..,..,..,..,..,..,..,..
Gini index,SI.POV.GINI,Hungary,HUN,..,..,..,..,..,..,..,..,..,..,..,..,..,29.9,34.7,28.3,27.9,27.5,27,29.4,29.2,30.8,31.5,30.9,30.4,30.3,30.6
Gini index,SI.POV.GINI,Iceland,ISL,..,..,..,..,..,..,..,..,..,..,..,..,26.8,28,29,30.2,29.5,31.8,28.7,26.2,26.8,26.8,25.4,27.8,26.8,27.2,26.1
Gini index,SI.POV.GINI,India,IND,..,..,31.7,..,..,..,..,..,..,..,..,..,..,34.4,..,..,..,..,35.4,..,35.7,..,..,..,34.7,34.8,35.9
Gini index,SI.POV.GINI,Indonesia,IDN,..,..,33.2,..,..,35.6,..,32.2,32.1,29.5,30,32.8,33,33.9,34.1,35.3,36.7,36.1,36,37.2,40.5,40.5,40.8,40.2,40.4,39.3,38.8
Gini index,SI.POV.GINI,"Iran, Islamic Rep.",IRN,..,..,..,43,..,..,..,44.1,..,..,..,..,..,..,43.6,44.8,..,..,42.1,..,..,..,37.4,38.8,39.5,40,40.8
Gini index,SI.POV.GINI,Iraq,IRQ,..,..,..,..,..,..,..,..,..,..,..,..,..,..,..,28.6,..,..,..,..,..,29.5,..,..,..,..,..
Gini index,SI.POV.GINI,Ireland,IRL,..,..,..,36.9,37,35.6,..,..,..,33,..,32.3,32.9,33.6,33.8,32.7,31.9,30.9,32.7,32.3,32.9,33.2,33.5,31.9,31.8,32.8,31.4
Gini index,SI.POV.GINI,Isle of Man,IMN,..,..,..,..,..,..,..,..,..,..,..,..,..,..,..,..,..,..,..,..,..,..,..,..,..,..,..
Gini index,SI.POV.GINI,Israel,ISR,..,35.5,..,..,..,..,38.1,..,..,..,38.9,39.6,40.7,41.5,42.3,41.6,41.1,41.6,42.6,42.5,41.4,41.6,40.2,39.8,39.7,39,38.2
Gini index,SI.POV.GINI,Italy,ITA,31.5,..,35.5,..,35.2,..,..,36.7,..,35.3,..,..,34.9,34.3,33.8,33.7,32.9,33.8,33.8,34.7,35.1,35.2,34.9,34.7,35.4,35.2,35.9
Gini index,SI.POV.GINI,Jamaica,JAM,..,..,35.7,..,..,40.4,..,..,44.1,..,..,48.3,..,45.5,..,..,..,..,..,..,..,..,..,..,..,..,..
Gini index,SI.POV.GINI,Japan,JPN,..,..,..,..,..,..,..,..,..,..,..,..,..,..,..,..,..,34.8,..,32.1,..,..,32.9,..,..,..,..
Gini index,SI.POV.GINI,Jordan,JOR,..,43.4,..,..,..,..,36.4,..,..,..,..,37,..,..,..,33.9,..,32.6,..,33.7,..,..,..,..,..,..,..
Gini index,SI.POV.GINI,Kazakhstan,KAZ,..,..,..,..,..,35.4,..,..,..,..,36,34.8,33.7,31.8,39.8,30.2,30.1,28.5,28.2,28,28,28.2,27.1,27,26.8,27.2,27.5
Gini index,SI.POV.GINI,Kenya,KEN,..,57.5,..,43.1,..,..,45,..,..,..,..,..,..,..,46.5,..,..,..,..,..,..,..,..,..,40.8,..,..
Gini index,SI.POV.GINI,Kiribati,KIR,..,..,..,..,..,..,..,..,..,..,..,..,..,..,..,37,..,..,..,..,..,..,..,..,..,..,..
Gini index,SI.POV.GINI,"Korea, Dem. People's Rep.",PRK,..,..,..,..,..,..,..,..,..,..,..,..,..,..,..,..,..,..,..,..,..,..,..,..,..,..,..
Gini index,SI.POV.GINI,"Korea, Rep.",KOR,..,..,..,..,..,..,..,..,..,..,..,..,..,..,..,31.7,..,32.3,..,32,..,31.6,..,31.2,..,31.4,..
Gini index,SI.POV.GINI,Kosovo,XKX,..,..,..,..,..,..,..,..,..,..,..,..,29,..,31.2,30.3,..,..,31.8,33.3,27.8,29,26.3,27.3,26.5,26.7,29
Gini index,SI.POV.GINI,Kuwait,KWT,..,..,..,..,..,..,..,..,..,..,..,..,..,..,..,..,..,..,..,..,..,..,..,..,..,..,..
Gini index,SI.POV.GINI,Kyrgyz Republic,KGZ,..,..,..,..,..,..,..,..,..,31,30.2,30.3,28.7,34.8,32.6,37.4,33.9,31.5,29.9,30.1,27.8,27.4,28.8,26.8,29,26.8,27.3
Gini index,SI.POV.GINI,Lao PDR,LAO,..,34.3,..,..,..,..,34.9,..,..,..,..,32.6,..,..,..,..,35.4,..,..,..,..,36,..,..,..,..,..
Gini index,SI.POV.GINI,Latvia,LVA,..,..,..,..,..,..,..,..,..,..,..,..,..,36.4,39,35.6,37.5,37.2,36,35,35.8,35.2,35.5,35.1,34.2,34.3,35.6
Gini index,SI.POV.GINI,Lebanon,LBN,..,..,..,..,..,..,..,..,..,..,..,..,..,..,..,..,..,..,..,..,31.8,..,..,..,..,..,..
Gini index,SI.POV.GINI,Lesotho,LSO,..,..,..,63.2,..,..,..,..,..,..,..,51.6,..,..,..,..,..,..,..,..,..,..,..,..,..,..,44.9
Gini index,SI.POV.GINI,Liberia,LBR,..,..,..,..,..,..,..,..,..,..,..,..,..,..,..,..,36.5,..,..,..,..,..,..,33.2,..,35.3,..
Gini index,SI.POV.GINI,Libya,LBY,..,..,..,..,..,..,..,..,..,..,..,..,..,..,..,..,..,..,..,..,..,..,..,..,..,..,..
Gini index,SI.POV.GINI,Liechtenstein,LIE,..,..,..,..,..,..,..,..,..,..,..,..,..,..,..,..,..,..,..,..,..,..,..,..,..,..,..
Gini index,SI.POV.GINI,Lithuania,LTU,..,..,..,..,..,..,..,..,..,..,..,..,..,37,35.3,34.4,34.8,35.7,37.2,33.6,32.5,35.1,35.3,37.7,37.4,38.4,37.3
Gini index,SI.POV.GINI,Luxembourg,LUX,27.2,27.3,27,28.1,28.3,29,29.6,30.6,30,30.1,30.9,31,30.2,30.2,30.8,30.9,31.1,32.6,31.2,30.5,32.1,34.3,32,31.2,32.9,31.7,34.5
Gini index,SI.POV.GINI,"Macao SAR, China",MAC,..,..,..,..,..,..,..,..,..,..,..,..,..,..,..,..,..,..,..,..,..,..,..,..,..,..,..
Gini index,SI.POV.GINI,Madagascar,MDG,..,..,45.3,..,..,..,39.5,..,38.6,..,47.4,..,..,..,39.9,..,..,..,..,42.4,..,42.6,..,..,..,..,..
Gini index,SI.POV.GINI,Malawi,MWI,..,..,..,..,..,..,65.8,..,..,..,..,..,..,39.9,..,..,..,..,..,45.5,..,..,..,..,..,44.7,..
Gini index,SI.POV.GINI,Malaysia,MYS,..,47.7,..,..,48.5,..,49.1,..,..,..,..,..,46.4,..,..,44.8,..,45.5,..,..,43.9,..,41.3,..,41.1,..,..
Gini index,SI.POV.GINI,Maldives,MDV,..,..,..,..,..,..,..,..,..,..,..,41.3,..,..,..,..,..,..,38.4,..,..,..,..,..,..,31.3,..
Gini index,SI.POV.GINI,Mali,MLI,..,..,..,50.4,..,..,..,..,..,..,39.9,..,..,..,..,38.9,..,..,33,..,..,..,..,..,..,..,..
Gini index,SI.POV.GINI,Malta,MLT,..,..,..,..,..,..,..,..,..,..,..,..,..,..,..,28,29.2,29,30.2,29,29.1,29.4,28.8,29,29.4,29.1,29.2
Gini index,SI.POV.GINI,Marshall Islands,MHL,..,..,..,..,..,..,..,..,..,..,..,..,..,..,..,..,..,..,..,..,..,..,..,..,..,..,..
Gini index,SI.POV.GINI,Mauritania,MRT,..,..,50.1,..,37.7,..,..,..,..,39,..,..,..,40.2,..,..,..,35.7,..,..,..,..,..,32.6,..,..,..
Gini index,SI.POV.GINI,Mauritius,MUS,..,..,..,..,..,..,..,..,..,..,..,..,..,..,..,35.7,..,..,..,..,..,38.5,..,..,..,..,36.8
Gini index,SI.POV.GINI,Mexico,MEX,..,52.6,..,52.8,..,53.6,..,51.7,..,52.6,..,50.1,..,50,50.1,48.9,..,49.9,..,47.2,..,48.7,..,48.7,..,47.7,..
Gini index,SI.POV.GINI,"Micronesia, Fed. Sts.",FSM,..,..,..,..,..,..,..,..,..,..,..,..,..,..,42.4,..,..,..,..,..,..,..,40.1,..,..,..,..
Gini index,SI.POV.GINI,Moldova,MDA,..,..,..,..,..,..,36.9,39.5,42.6,36.4,38,35.8,34.9,35,36.3,35.4,34.4,34.7,32.9,32.1,30.6,29.2,28.5,26.8,27,26.3,25.9
Gini index,SI.POV.GINI,Monaco,MCO,..,..,..,..,..,..,..,..,..,..,..,..,..,..,..,..,..,..,..,..,..,..,..,..,..,..,..
Gini index,SI.POV.GINI,Mongolia,MNG,..,..,..,..,33.2,..,..,30.3,..,..,..,32.9,..,..,..,..,35.8,..,..,33.1,33.9,33.8,..,32,..,32.3,..
Gini index,SI.POV.GINI,Montenegro,MNE,..,..,..,..,..,..,..,..,..,..,..,..,..,..,..,..,..,..,..,..,..,41.2,39,38.8,39,38.5,36.9
Gini index,SI.POV.GINI,Morocco,MAR,..,..,..,..,..,..,..,39.4,..,40.6,..,..,..,..,..,40.7,..,..,..,..,..,..,39.5,..,..,..,..
Gini index,SI.POV.GINI,Mozambique,MOZ,..,..,..,..,..,53.6,..,..,..,..,..,47,..,..,..,..,..,45.6,..,..,..,..,..,54,..,..,..
Gini index,SI.POV.GINI,Myanmar,MMR,..,..,..,..,..,..,..,..,..,..,..,..,..,..,..,..,..,..,..,..,..,..,..,..,38.1,..,30.7
Gini index,SI.POV.GINI,Namibia,NAM,..,..,..,..,..,..,..,..,..,..,..,..,63.3,..,..,..,..,..,61,..,..,..,..,..,59.1,..,..
Gini index,SI.POV.GINI,Nauru,NRU,..,..,..,..,..,..,..,..,..,..,..,..,..,..,..,..,..,..,..,..,..,32.4,..,..,..,..,..
Gini index,SI.POV.GINI,Nepal,NPL,..,..,..,..,35.2,..,..,..,..,..,..,..,43.8,..,..,..,..,..,..,32.8,..,..,..,..,..,..,..
Gini index,SI.POV.GINI,Netherlands,NLD,..,..,30.4,..,..,..,..,..,28.1,..,..,..,..,29.8,29,30,29.6,29.3,27.9,27.8,27.8,27.6,28.1,28.6,28.2,28.2,28.5
Gini index,SI.POV.GINI,New Caledonia,NCL,..,..,..,..,..,..,..,..,..,..,..,..,..,..,..,..,..,..,..,..,..,..,..,..,..,..,..
Gini index,SI.POV.GINI,New Zealand,NZL,..,..,..,..,..,..,..,..,..,..,..,..,..,..,..,..,..,..,..,..,..,..,..,..,..,..,..
Gini index,SI.POV.GINI,Nicaragua,NIC,..,..,57.4,..,..,..,..,54.4,..,..,52.9,..,..,..,48.8,..,..,..,43.9,..,..,..,..,46.2,..,..,..
Gini index,SI.POV.GINI,Niger,NER,..,36.1,..,41.5,..,..,..,..,..,..,..,..,..,..,44.4,..,37.3,..,..,..,31.5,..,..,34.3,..,..,..
Gini index,SI.POV.GINI,Nigeria,NGA,..,45,..,..,..,51.9,..,..,..,..,..,..,40.1,..,..,..,..,..,..,35.7,..,35.5,..,..,35.9,..,..
Gini index,SI.POV.GINI,North Macedonia,MKD,..,..,..,..,..,..,..,..,..,..,..,..,..,..,..,..,..,..,42.8,40.2,39.4,38.1,36.2,35.2,35.6,34.5,34.2
Gini index,SI.POV.GINI,Northern Mariana Islands,MNP,..,..,..,..,..,..,..,..,..,..,..,..,..,..,..,..,..,..,..,..,..,..,..,..,..,..,..
Gini index,SI.POV.GINI,Norway,NOR,25.2,..,..,..,26,..,..,..,..,27.4,..,..,27.6,31.6,30.6,26.4,27.1,27,26.2,25.7,25.3,25.7,26.4,26.8,27.5,28.5,27
Gini index,SI.POV.GINI,Oman,OMN,..,..,..,..,..,..,..,..,..,..,..,..,..,..,..,..,..,..,..,..,..,..,..,..,..,..,..
Gini index,SI.POV.GINI,Pakistan,PAK,..,..,..,..,..,28.7,..,33.1,..,..,28.7,..,..,30.9,31.3,..,29.7,..,..,28.8,29.7,..,29.5,..,31.3,..,..
Gini index,SI.POV.GINI,Palau,PLW,..,..,..,..,..,..,..,..,..,..,..,..,..,..,..,..,..,..,..,..,..,..,..,..,..,..,..
Gini index,SI.POV.GINI,Panama,PAN,58.2,..,..,..,57.8,..,58.2,57.5,56.5,56.6,56.7,56.1,55.7,54.8,53.8,54.6,52.7,52.7,51.8,51.6,51.3,51.7,51.5,50.5,50.8,50.4,49.9
Gini index,SI.POV.GINI,Papua New Guinea,PNG,..,..,..,..,..,45.8,..,..,..,..,..,..,..,..,..,..,..,..,41.9,..,..,..,..,..,..,..,..
Gini index,SI.POV.GINI,Paraguay,PRY,..,..,..,..,58.2,..,54.9,..,54.6,..,54.6,57.3,54.9,52.3,51.4,53,53,50.7,49.1,51,52.3,47.6,47.9,50.7,47.6,47.9,48.5
Gini index,SI.POV.GINI,Peru,PER,..,..,..,..,..,..,53.3,55.1,54.8,49.1,51.3,53.6,53.1,49.9,50.5,50.3,50,47.5,47,45.5,44.7,44.4,43.9,43.1,43.4,43.6,43.3
Gini index,SI.POV.GINI,Philippines,PHL,..,..,..,..,..,..,..,..,..,47.7,..,..,46.6,..,..,47.2,..,..,46.3,..,..,46.5,..,..,44.6,..,..
Gini index,SI.POV.GINI,Poland,POL,..,..,..,..,..,..,..,..,..,..,..,..,..,38,35.8,34.7,34,33.5,33.4,33.2,33.2,33,33.1,32.8,31.8,31.2,29.7
Gini index,SI.POV.GINI,Portugal,PRT,..,..,..,..,..,..,..,..,..,..,..,..,38.8,38.9,38.5,38.1,36.8,36.6,34.9,35.8,36.3,36,36.2,35.6,35.5,35.2,33.8
Gini index,SI.POV.GINI,Puerto Rico,PRI,..,..,..,..,..,..,..,..,..,..,..,..,..,..,..,..,..,..,..,..,..,..,..,..,..,..,..
Gini index,SI.POV.GINI,Qatar,QAT,..,..,..,..,..,..,..,..,..,..,..,..,..,..,..,..,..,..,..,..,..,..,..,..,..,..,..
Gini index,SI.POV.GINI,Romania,ROU,..,..,..,..,..,..,..,..,..,..,..,..,..,..,..,39.6,37.5,36.4,35.6,35.5,35.9,36.5,36.9,36,35.9,34.4,36
Gini index,SI.POV.GINI,Russian Federation,RUS,..,..,..,..,..,..,38.4,38.1,37.4,37.1,36.9,37.3,40,40.3,41.3,41,42.3,41.6,39.8,39.5,39.7,40.7,40.9,39.9,37.7,36.8,37.2
Gini index,SI.POV.GINI,Rwanda,RWA,..,..,..,..,..,..,..,..,..,48.5,..,..,..,..,52,..,..,..,..,47.2,..,..,45.1,..,..,43.7,..
Gini index,SI.POV.GINI,Samoa,WSM,..,..,..,..,..,..,..,..,..,..,..,40.7,..,..,..,..,..,42,..,..,..,..,38.7,..,..,..,..
Gini index,SI.POV.GINI,San Marino,SMR,..,..,..,..,..,..,..,..,..,..,..,..,..,..,..,..,..,..,..,..,..,..,..,..,..,..,..
Gini index,SI.POV.GINI,Sao Tome and Principe,STP,..,..,..,..,..,..,..,..,..,32.1,..,..,..,..,..,..,..,..,..,30.8,..,..,..,..,..,..,40.7
Gini index,SI.POV.GINI,Saudi Arabia,SAU,..,..,..,..,..,..,..,..,..,..,..,..,..,..,..,..,..,..,..,..,..,..,..,..,..,..,..
Gini index,SI.POV.GINI,Senegal,SEN,54.1,..,..,41.4,..,..,..,..,..,..,41.2,..,..,..,39.2,..,..,..,..,..,40.3,..,..,..,..,..,..
Gini index,SI.POV.GINI,Serbia,SRB,..,..,..,..,..,..,..,..,..,..,..,..,..,..,..,..,..,..,..,..,..,39.9,39.5,40.5,40.5,38.8,36.2
Gini index,SI.POV.GINI,Seychelles,SYC,..,..,..,..,..,..,..,..,..,..,..,..,..,..,..,..,..,..,..,..,..,..,46.8,..,..,..,..
Gini index,SI.POV.GINI,Sierra Leone,SLE,..,..,..,..,..,..,..,..,..,..,..,..,40.2,..,..,..,..,..,..,..,34,..,..,..,..,..,..
Gini index,SI.POV.GINI,Singapore,SGP,..,..,..,..,..,..,..,..,..,..,..,..,..,..,..,..,..,..,..,..,..,..,..,..,..,..,..
Gini index,SI.POV.GINI,Sint Maarten (Dutch part),SXM,..,..,..,..,..,..,..,..,..,..,..,..,..,..,..,..,..,..,..,..,..,..,..,..,..,..,..
Gini index,SI.POV.GINI,Slovak Republic,SVK,..,..,..,..,..,..,..,..,..,..,..,..,..,27.1,29.3,25.8,24.7,26,27.2,27.3,26.5,26.1,28.1,26.1,26.5,25.2,23.2
Gini index,SI.POV.GINI,Slovenia,SVN,..,..,..,..,..,..,..,..,..,..,..,..,..,24.8,24.6,24.4,24.4,23.7,24.8,24.9,24.9,25.6,26.2,25.7,25.4,24.8,24.2
Gini index,SI.POV.GINI,Solomon Islands,SLB,..,..,..,..,..,..,..,..,..,..,..,..,..,..,46.1,..,..,..,..,..,..,37.1,..,..,..,..,..
Gini index,SI.POV.GINI,Somalia,SOM,..,..,..,..,..,..,..,..,..,..,..,..,..,..,..,..,..,..,..,..,..,..,..,..,..,..,..
Gini index,SI.POV.GINI,South Africa,ZAF,..,..,59.3,..,..,..,..,..,..,57.8,..,..,..,..,64.8,..,..,63,..,63.4,..,..,..,63,..,..,..
Gini index,SI.POV.GINI,South Sudan,SSD,..,..,..,..,..,..,..,..,..,..,..,..,..,..,..,..,..,..,46.3,..,..,..,..,..,..,44.1,..
Gini index,SI.POV.GINI,Spain,ESP,..,..,35.7,35.1,35.7,36.5,35.3,34.6,33.8,34.1,..,..,31.8,33.3,32.4,33.5,34.1,34.2,34.9,35.2,35.7,35.4,36.2,36.1,36.2,35.8,34.7
Gini index,SI.POV.GINI,Sri Lanka,LKA,..,..,..,..,35.4,..,..,..,..,..,..,40.2,..,..,..,39.7,..,..,36.1,..,..,38.7,..,..,..,39.3,..
Gini index,SI.POV.GINI,St. Kitts and Nevis,KNA,..,..,..,..,..,..,..,..,..,..,..,..,..,..,..,..,..,..,..,..,..,..,..,..,..,..,..
Gini index,SI.POV.GINI,St. Lucia,LCA,..,..,..,..,42.6,..,..,..,..,..,..,..,..,..,..,..,..,..,..,..,..,..,..,..,..,51.2,..
Gini index,SI.POV.GINI,St. Martin (French part),MAF,..,..,..,..,..,..,..,..,..,..,..,..,..,..,..,..,..,..,..,..,..,..,..,..,..,..,..
Gini index,SI.POV.GINI,St. Vincent and the Grenadines,VCT,..,..,..,..,..,..,..,..,..,..,..,..,..,..,..,..,..,..,..,..,..,..,..,..,..,..,..
Gini index,SI.POV.GINI,Sudan,SDN,..,..,..,..,..,..,..,..,..,..,..,..,..,..,..,..,..,..,35.4,..,..,..,..,34.2,..,..,..
Gini index,SI.POV.GINI,Suriname,SUR,..,..,..,..,..,..,..,..,57.9,..,..,..,..,..,..,..,..,..,..,..,..,..,..,..,..,..,..
Gini index,SI.POV.GINI,Sweden,SWE,..,24.9,..,..,25.2,..,..,..,..,27.2,..,25.8,25.3,26.1,26.8,26.4,27.1,28.1,27.3,27.7,27.6,27.6,28.8,28.4,29.2,29.6,28.8
Gini index,SI.POV.GINI,Switzerland,CHE,..,33.9,..,..,..,..,..,..,..,33.4,..,31.7,..,..,..,33.9,34.3,33.8,32.9,32.6,31.7,31.6,32.5,32.5,32.3,33,32.7
Gini index,SI.POV.GINI,Syrian Arab Republic,SYR,..,..,..,..,..,35.2,..,..,..,..,..,..,37.5,..,..,..,..,..,..,..,..,..,..,..,..,..,..
Gini index,SI.POV.GINI,Tajikistan,TJK,..,..,..,..,..,..,..,..,29.5,..,..,..,32.7,33.6,..,..,32.2,..,30.8,..,..,..,..,..,34,..,..
Gini index,SI.POV.GINI,Tanzania,TZA,35.3,..,..,..,..,..,..,..,..,37.3,..,..,..,..,..,..,40.3,..,..,..,37.8,..,..,..,..,..,..
Gini index,SI.POV.GINI,Thailand,THA,..,47.9,..,43.5,..,42.9,..,41.5,43.1,42.8,..,41.9,..,42.5,..,41.8,39.8,40.3,39.6,39.4,37.5,39.3,37.8,37,36,36.9,36.5
Gini index,SI.POV.GINI,Timor-Leste,TLS,..,..,..,..,..,..,..,..,..,..,35.9,..,..,..,..,..,27.8,..,..,..,..,..,..,28.7,..,..,..
Gini index,SI.POV.GINI,Togo,TGO,..,..,..,..,..,..,..,..,..,..,..,..,..,..,..,42.2,..,..,..,..,46,..,..,..,43.1,..,..
Gini index,SI.POV.GINI,Tonga,TON,..,..,..,..,..,..,..,..,..,37.7,..,..,..,..,..,..,..,..,37.5,..,..,..,..,..,33.5,..,..
Gini index,SI.POV.GINI,Trinidad and Tobago,TTO,..,40.3,..,..,..,..,..,..,..,..,..,..,..,..,..,..,..,..,..,..,..,..,..,..,..,..,..
Gini index,SI.POV.GINI,Tunisia,TUN,..,..,..,..,41.7,..,..,..,..,40.8,..,..,..,..,37.7,..,..,..,..,35.8,..,..,..,..,32.8,..,..
Gini index,SI.POV.GINI,Turkiye,TUR,..,..,..,41.3,..,..,..,..,..,..,..,41.4,42.2,41.3,42.6,39.6,38.4,39,39,38.8,40,40.2,40.2,41.2,42.9,41.9,41.4
Gini index,SI.POV.GINI,Turkmenistan,TKM,..,..,..,..,..,..,..,40.8,..,..,..,..,..,..,..,..,..,..,..,..,..,..,..,..,..,..,..
Gini index,SI.POV.GINI,Turks and Caicos Islands,TCA,..,..,..,..,..,..,..,..,..,..,..,..,..,..,..,..,..,..,..,..,..,..,..,..,..,..,..
Gini index,SI.POV.GINI,Tuvalu,TUV,..,..,..,..,..,..,..,..,..,..,..,..,..,..,..,..,..,..,..,39.1,..,..,..,..,..,..,..
Gini index,SI.POV.GINI,Uganda,UGA,..,41.4,..,..,..,39,..,..,43,..,..,45.2,..,..,42.9,..,..,..,44.2,..,..,41,..,..,..,42.8,..
Gini index,SI.POV.GINI,Ukraine,UKR,..,29.7,28.9,..,39.3,35.2,..,..,..,..,..,29,28.7,28.9,29,29.8,27,26.6,25.3,24.8,24.6,24.7,24.6,24,25.5,25,26
Gini index,SI.POV.GINI,United Arab Emirates,ARE,..,..,..,..,..,..,..,..,..,..,..,..,..,..,..,..,..,..,..,..,..,..,32.5,..,..,..,..
Gini index,SI.POV.GINI,United Kingdom,GBR,35,35,35.1,36,35.5,35.3,35.7,36.6,36.8,38.8,37.1,35.1,34.9,34.8,35.5,35.9,34.4,35.4,35.1,33.7,33.2,33.1,32.7,33.1,33.3,33.1,32.6
Gini index,SI.POV.GINI,United States,USA,38,38.4,40.4,40,39.9,40.3,40.5,40,40,40.1,40.6,40.4,40.8,40.3,41,41.4,40.8,40.8,40.6,40,40.9,40.9,40.7,41.5,41.2,41.1,41.2
Gini index,SI.POV.GINI,Uruguay,URY,..,..,..,..,..,..,..,..,..,..,..,..,..,..,..,45.9,46.4,45.1,45.5,44.5,42.2,39.9,40.5,40.1,40.1,39.7,39.5
Gini index,SI.POV.GINI,Uzbekistan,UZB,..,..,..,..,..,..,..,44.7,..,36.1,..,33,35.3,..,..,..,..,..,..,..,..,..,..,..,..,..,..
Gini index,SI.POV.GINI,Vanuatu,VUT,..,..,..,..,..,..,..,..,..,..,..,..,..,..,..,..,..,..,..,37.4,..,..,..,..,..,..,..
Gini index,SI.POV.GINI,"Venezuela, RB",VEN,..,42.1,..,..,47.2,..,..,48.1,47.8,..,47.2,49,48.1,47.5,49.5,44.8,..,..,..,..,..,..,..,..,..,..,..
Gini index,SI.POV.GINI,Viet Nam,VNM,..,35.7,..,..,..,..,35.4,..,..,..,..,37,..,36.8,..,35.8,..,35.6,..,39.3,..,35.6,..,34.8,..,35.3,..
Gini index,SI.POV.GINI,Virgin Islands (U.S.),VIR,..,..,..,..,..,..,..,..,..,..,..,..,..,..,..,..,..,..,..,..,..,..,..,..,..,..,..
Gini index,SI.POV.GINI,West Bank and Gaza,PSE,..,..,..,..,..,..,..,..,..,..,..,..,..,34,34.7,34,35.6,..,34.5,35.3,34.4,..,..,..,..,33.7,..
Gini index,SI.POV.GINI,"Yemen, Rep.",YEM,..,..,..,..,..,..,..,35,..,..,..,..,..,..,34.7,..,..,..,..,..,..,..,..,36.7,..,..,..
Gini index,SI.POV.GINI,Zambia,ZMB,60.5,..,52.6,..,..,48.3,..,49.1,..,..,..,42.1,..,54.3,..,54.6,..,..,..,52,..,..,..,..,55.9,..,..
Gini index,SI.POV.GINI,Zimbabwe,ZWE,..,..,..,..,..,..,..,..,..,..,..,..,..,..,..,..,..,..,..,..,43.2,..,..,..,..,..,44.3
Gini index,SI.POV.GINI,Africa Eastern and Southern,AFE,..,..,..,..,..,..,..,..,..,..,..,..,..,..,..,..,..,..,..,..,..,..,..,..,..,..,..
Gini index,SI.POV.GINI,Africa Western and Central,AFW,..,..,..,..,..,..,..,..,..,..,..,..,..,..,..,..,..,..,..,..,..,..,..,..,..,..,..
Gini index,SI.POV.GINI,Arab World,ARB,..,..,..,..,..,..,..,..,..,..,..,..,..,..,..,..,..,..,..,..,..,..,..,..,..,..,..
Gini index,SI.POV.GINI,Caribbean small states,CSS,..,..,..,..,..,..,..,..,..,..,..,..,..,..,..,..,..,..,..,..,..,..,..,..,..,..,..
Gini index,SI.POV.GINI,Central Europe and the Baltics,CEB,..,..,..,..,..,..,..,..,..,..,..,..,..,..,..,..,..,..,..,..,..,..,..,..,..,..,..
Gini index,SI.POV.GINI,Early-demographic dividend,EAR,..,..,..,..,..,..,..,..,..,..,..,..,..,..,..,..,..,..,..,..,..,..,..,..,..,..,..
Gini index,SI.POV.GINI,East Asia & Pacific,EAS,..,..,..,..,..,..,..,..,..,..,..,..,..,..,..,..,..,..,..,..,..,..,..,..,..,..,..
Gini index,SI.POV.GINI,East Asia & Pacific (excluding high income),EAP,..,..,..,..,..,..,..,..,..,..,..,..,..,..,..,..,..,..,..,..,..,..,..,..,..,..,..
Gini index,SI.POV.GINI,East Asia & Pacific (IDA & IBRD),TEA,..,..,..,..,..,..,..,..,..,..,..,..,..,..,..,..,..,..,..,..,..,..,..,..,..,..,..
Gini index,SI.POV.GINI,Euro area,EMU,..,..,..,..,..,..,..,..,..,..,..,..,..,..,..,..,..,..,..,..,..,..,..,..,..,..,..
Gini index,SI.POV.GINI,Europe & Central Asia,ECS,..,..,..,..,..,..,..,..,..,..,..,..,..,..,..,..,..,..,..,..,..,..,..,..,..,..,..
Gini index,SI.POV.GINI,Europe & Central Asia (excluding high income),ECA,..,..,..,..,..,..,..,..,..,..,..,..,..,..,..,..,..,..,..,..,..,..,..,..,..,..,..
Gini index,SI.POV.GINI,Europe & Central Asia (IDA & IBRD),TEC,..,..,..,..,..,..,..,..,..,..,..,..,..,..,..,..,..,..,..,..,..,..,..,..,..,..,..
Gini index,SI.POV.GINI,European Union,EUU,..,..,..,..,..,..,..,..,..,..,..,..,..,..,..,..,..,..,..,..,..,..,..,..,..,..,..
Gini index,SI.POV.GINI,Fragile and conflict affected situations,FCS,..,..,..,..,..,..,..,..,..,..,..,..,..,..,..,..,..,..,..,..,..,..,..,..,..,..,..
Gini index,SI.POV.GINI,Heavily indebted poor countries (HIPC),HPC,..,..,..,..,..,..,..,..,..,..,..,..,..,..,..,..,..,..,..,..,..,..,..,..,..,..,..
Gini index,SI.POV.GINI,High income,HIC,..,..,..,..,..,..,..,..,..,..,..,..,..,..,..,..,..,..,..,..,..,..,..,..,..,..,..
Gini index,SI.POV.GINI,IBRD only,IBD,..,..,..,..,..,..,..,..,..,..,..,..,..,..,..,..,..,..,..,..,..,..,..,..,..,..,..
Gini index,SI.POV.GINI,IDA & IBRD total,IBT,..,..,..,..,..,..,..,..,..,..,..,..,..,..,..,..,..,..,..,..,..,..,..,..,..,..,..
Gini index,SI.POV.GINI,IDA blend,IDB,..,..,..,..,..,..,..,..,..,..,..,..,..,..,..,..,..,..,..,..,..,..,..,..,..,..,..
Gini index,SI.POV.GINI,IDA only,IDX,..,..,..,..,..,..,..,..,..,..,..,..,..,..,..,..,..,..,..,..,..,..,..,..,..,..,..
Gini index,SI.POV.GINI,IDA total,IDA,..,..,..,..,..,..,..,..,..,..,..,..,..,..,..,..,..,..,..,..,..,..,..,..,..,..,..
Gini index,SI.POV.GINI,Late-demographic dividend,LTE,..,..,..,..,..,..,..,..,..,..,..,..,..,..,..,..,..,..,..,..,..,..,..,..,..,..,..
Gini index,SI.POV.GINI,Latin America & Caribbean,LCN,..,..,..,..,..,..,..,..,..,..,..,..,..,..,..,..,..,..,..,..,..,..,..,..,..,..,..
Gini index,SI.POV.GINI,Latin America & Caribbean (excluding high income),LAC,..,..,..,..,..,..,..,..,..,..,..,..,..,..,..,..,..,..,..,..,..,..,..,..,..,..,..
Gini index,SI.POV.GINI,Latin America & Caribbean (IDA & IBRD),TLA,..,..,..,..,..,..,..,..,..,..,..,..,..,..,..,..,..,..,..,..,..,..,..,..,..,..,..
Gini index,SI.POV.GINI,Least developed countries: UN classification,LDC,..,..,..,..,..,..,..,..,..,..,..,..,..,..,..,..,..,..,..,..,..,..,..,..,..,..,..
Gini index,SI.POV.GINI,Low & middle income,LMY,..,..,..,..,..,..,..,..,..,..,..,..,..,..,..,..,..,..,..,..,..,..,..,..,..,..,..
Gini index,SI.POV.GINI,Low income,LIC,..,..,..,..,..,..,..,..,..,..,..,..,..,..,..,..,..,..,..,..,..,..,..,..,..,..,..
Gini index,SI.POV.GINI,Lower middle income,LMC,..,..,..,..,..,..,..,..,..,..,..,..,..,..,..,..,..,..,..,..,..,..,..,..,..,..,..
Gini index,SI.POV.GINI,Middle East & North Africa,MEA,..,..,..,..,..,..,..,..,..,..,..,..,..,..,..,..,..,..,..,..,..,..,..,..,..,..,..
Gini index,SI.POV.GINI,Middle East & North Africa (excluding high income),MNA,..,..,..,..,..,..,..,..,..,..,..,..,..,..,..,..,..,..,..,..,..,..,..,..,..,..,..
Gini index,SI.POV.GINI,Middle East & North Africa (IDA & IBRD),TMN,..,..,..,..,..,..,..,..,..,..,..,..,..,..,..,..,..,..,..,..,..,..,..,..,..,..,..
Gini index,SI.POV.GINI,Middle income,MIC,..,..,..,..,..,..,..,..,..,..,..,..,..,..,..,..,..,..,..,..,..,..,..,..,..,..,..
Gini index,SI.POV.GINI,North America,NAC,..,..,..,..,..,..,..,..,..,..,..,..,..,..,..,..,..,..,..,..,..,..,..,..,..,..,..
Gini index,SI.POV.GINI,OECD members,OED,..,..,..,..,..,..,..,..,..,..,..,..,..,..,..,..,..,..,..,..,..,..,..,..,..,..,..
Gini index,SI.POV.GINI,Other small states,OSS,..,..,..,..,..,..,..,..,..,..,..,..,..,..,..,..,..,..,..,..,..,..,..,..,..,..,..
Gini index,SI.POV.GINI,Pacific island small states,PSS,..,..,..,..,..,..,..,..,..,..,..,..,..,..,..,..,..,..,..,..,..,..,..,..,..,..,..
Gini index,SI.POV.GINI,Post-demographic dividend,PST,..,..,..,..,..,..,..,..,..,..,..,..,..,..,..,..,..,..,..,..,..,..,..,..,..,..,..
Gini index,SI.POV.GINI,Pre-demographic dividend,PRE,..,..,..,..,..,..,..,..,..,..,..,..,..,..,..,..,..,..,..,..,..,..,..,..,..,..,..
Gini index,SI.POV.GINI,Small states,SST,..,..,..,..,..,..,..,..,..,..,..,..,..,..,..,..,..,..,..,..,..,..,..,..,..,..,..
Gini index,SI.POV.GINI,South Asia,SAS,..,..,..,..,..,..,..,..,..,..,..,..,..,..,..,..,..,..,..,..,..,..,..,..,..,..,..
Gini index,SI.POV.GINI,South Asia (IDA & IBRD),TSA,..,..,..,..,..,..,..,..,..,..,..,..,..,..,..,..,..,..,..,..,..,..,..,..,..,..,..
Gini index,SI.POV.GINI,Sub-Saharan Africa,SSF,..,..,..,..,..,..,..,..,..,..,..,..,..,..,..,..,..,..,..,..,..,..,..,..,..,..,..
Gini index,SI.POV.GINI,Sub-Saharan Africa (excluding high income),SSA,..,..,..,..,..,..,..,..,..,..,..,..,..,..,..,..,..,..,..,..,..,..,..,..,..,..,..
Gini index,SI.POV.GINI,Sub-Saharan Africa (IDA & IBRD),TSS,..,..,..,..,..,..,..,..,..,..,..,..,..,..,..,..,..,..,..,..,..,..,..,..,..,..,..
Gini index,SI.POV.GINI,Upper middle income,UMC,..,..,..,..,..,..,..,..,..,..,..,..,..,..,..,..,..,..,..,..,..,..,..,..,..,..,..
Gini index,SI.POV.GINI,World,WLD,..,..,..,..,..,..,..,..,..,..,..,..,..,..,..,..,..,..,..,..,..,..,..,..,..,..,..
,,,,,,,,,,,,,,,,,,,,,,,,,,,,,,
,,,,,,,,,,,,,,,,,,,,,,,,,,,,,,
,,,,,,,,,,,,,,,,,,,,,,,,,,,,,,
Data from database: Gender Statistics,,,,,,,,,,,,,,,,,,,,,,,,,,,,,,
Last Updated: 01/03/2024,,,,,,,,,,,,,,,,,,,,,,,,,,,,,,
